,title
0,"신한금융 후원 7개 국대 선수단, 아시안 게임서 '금2·은9·동14' 쓸었다"
1,북한 아시안게임 선수단장 오광혁
2,"홍준표, 항저우 아시안게임 대구시청 메달리스트 초청 격려"
3,"오세훈, 아시안게임 선수단 간담회..“파리 올림픽 도전 응원”"
4,"""행복했습니다""…최윤 OK금융 회장, 아시안게임 여정 마무리"
5,'유퀴즈' 황선우→김우민 아시안게임 수영 金 주역들 '총출동'
6,아시안게임이 불 지핀 군 면제 논란…차분히 따져볼 때 됐다 [핫이슈]
7,"신한금융, 아시안게임 출전 7개 국가대표팀 후원 결실"
8,"한국마사회 선수단, 항저우 아시안게임 은-동 수확"
9,"신한금융, 아시안게임 출전 7개 국가대표팀 후원 결실"
10,"한국마사회 선수단, 항저우 아시안게임 은-동 수확"
11,"LX공사, 아시안게임 사이클 은메달 김유로 선수 환영식"
12,아시안게임 열기 이을 전국체전 13일 개막…역대 최대 규모
13,최태원의 스포츠 사랑…아시안게임 비인기종목까지 챙겨
14,"""잘 싸웠다""…마사회 선수단, 항저우 아시안게임 은·동메달 획득"
15,"""춤만 추고 살아왔는데""…태극기 휘날린 브레이킹 김홍열"
16,"'부상 투혼' 안세영, 무릎 근처 힘줄 파열…2∼5주 재활 진단"
17,25개 메달 얻어낸 SKT의 아시안게임...국가대표 후원금 1억 기탁으로 마무리
18,"국가대표 가슴에 노스페이스, 아시안게임 은메달 서채현"
19,"김영록 전남지사, 항저우 아시안게임 전남선수단 격려"
20,"이상일 용인시장, 항저우 아시안게임서 은메달 딴 우상혁 선수 격려"
21,항저우 아시안게임 대한민국 선수단 본진도 귀국
22,축구엔 역시 치킨…아시안게임 한일전 당일 bhc치킨 매출 80% ↑
23,항저우 아시안게임 출전 김해 선수 4명 전원 메달
24,"‘슈돌’ 김준호, 아시안게임 금메달 뒤 두 아들 응원 있었다 ‘뭉클’"
25,"대구시, 항저우 아시안게임 메달리스트에 격려금 전달"
26,LG 시구자로 나선 김진혁 장애인아시안게임 선수단장
27,'종합 3위·금메달 42개' 항저우AG 한국 선수단 본진 귀국(종합)
28,배달특급 아시안게임 폐막 프로모션
29,"브레이킹 김홍열, 항저우 아시안게임 폐회식 기수 맡아"
30,[아시안게임] 쉴 틈 없는 황선우…10월 체전·11월 선발전·2월 세계선수권
31,3관왕 김우민-임시현… 아시안게임 한국 MVP
32,"배럴, 항저우 아시안게임 수영 국가대표 선수단 선전 기념 이벤트"
33,"항저우 장애인아시안게임 한국 선수단, 13일 결단식"
34,"[아시안게임] 한국 남자 MVP 김우민 ""더 좋은 기록 위한 동기부여"""
35,"항저우 아시안게임서 메달 6개 수확…국민체육진흥공단 ""포상 예정"""
36,[아시안게임] 전웅태·김국영·안산…광주 선수들도 맹활약
37,"다시 뛰는 여자축구, 항저우 아픔 뒤로하고 올림픽 첫 출전 도전"
38,[포토] 항저우 아시안게임 서울시청 선수단 격려 간담회
39,[아시안게임] 폐회식 북한 기수는 유일한 남자 금메달리스트 리청송
40,"[아시안게임] 한국 선수단, 항저우서 해단식…""파리 도전 역량 비축하길"""
41,"안양시, 시청 소속 아시안게임 메달리스트 3명에게 포상금"
42,"리브랜딩 ‘FC온라인’, 아시안게임 덕 톡톡"
43,"""국뽕 차오른다""..아시안게임 선수들 탄 비행기 안내방송에 '울컥'"
44,모두가 웃는 아시안게임 금메달···KIA에게 남긴 유일한 위안은
45,"최윤 AG 선수단장 ""비인지 종목, 주목해 주셔서 감사합니다"""
46,"아시안게임서 영광의 상처 얻은 안세영과 신유빈, 파리 올림픽 정조준"
47,[나이트라인 초대석] 아시안게임 'e스포츠 첫 금메달' 김관우 선수
48,금2·은1·동1…아시안게임서 빛난 e스포츠종주국 저력
49,"양궁 소채원, 여자 컴파운드 개인전 은메달 획득"
50,[아시안게임] 중국 수영 장위페이·친하이양 MVP…첫 공동 수상
51,"감동 선사한 AG 태극전사…이기흥 회장 ""안세영 투혼, 감명받았다"""
52,아시안 게임 금메달 다음은 세계대회... '롤드컵' 한국서 본격 개막
53,"“아시안 게임의 감동, 강원2024로 이어집니다”"
54,"‘2주 연속 정상 도전’ 함정우, ‘아시안게임 금메달’ 임성재, 국내 최고 상..."
55,‘항저우 아시안게임의 e스포츠 성과와 과제’···13일 목포대서 학술대회
56,다시 뭉친 '아시안게임 4인방'
57,"2026 아시안게임 선수촌 안 짓는다…선수단, 호텔서 투숙할 듯"
58,[아시안게임] '금메달+병역혜택' 이강인에게 'PSG+동료들 축하인사'
59,"H+양지병원, 아시안게임 금메달 경축 배드민턴 대회 의료봉사"
60,‘아시안게임 금메달리스트’ KIA 최원준도 시즌 아웃…6~8주 소요 [SS메디컬...
61,"홍준표 시장, 아시안게임 메달리스트 격려"
62,"축구·야구 금메달 효과…편의점, AG 특수에 웃었다"
63,아시안게임 MVP는 수영 김우민·양궁 임시현
64,아시안게임서 가장 바빴던 한 사람…“하루 3만보씩 걸으며 응원했죠”
65,[김해시] 김해 선수들 항저우 아시안게임서 선전 外
66,아시안게임 영상 시청하는 오세훈 시장과 선수들
67,"임시현, 37년만 3관왕…韓양궁 메달 순위 2위(종합2보)"
68,"[1보] 임시현, 아시안게임 양궁 개인전 금메달…37년만의 3관왕 등극"
69,안양 선수들 항저우 아시안게임 ‘메달 행진’
70,"[1보] 남자 양궁, 13년 만에 아시안게임 단체전 금메달"
71,"'금의환향' 아시안게임 2관왕 오상욱, 모교 대전대 방문"
72,"[아시안게임] 5년 전 은메달에 울었던 문혜경 ""금메달은 더 울 줄 알았는데"""
73,"김준호, 아들이 만든 수제 금메달 걸고 “아시안게임 최선 다할 것”(슈돌)"
74,"[만화] 아시안게임, 냉탕과 온탕 사이 [날백수인생]"
75,"[아시안게임] '막내 에이스' 임시현, 안산 넘고 37년만의 양궁 3관왕 등극(종..."
76,[항저우 NOW] LoL 생존가능? 3년뒤 기약한 아시안게임 e스포츠
77,"[아시안게임] '양궁 최강' 한국, 중국 물리치고 여자 단체전 7연패(종합)"
78,[아시안게임] 폐회식서 태극기 든 비보이…'홍텐' 김홍열의 전설은 계속
79,"[아시안게임] 역도 박혜정, 장미란 이후 13년 만의 금메달…손영희는 2위(종합..."
80,"여야, 아시안게임 한국 선수단에 ""열정과 노력에 감사…국민에 큰 감동""(종합..."
81,한국 아시안게임 MVP…수영 김우민·양궁 임시현
82,'항저우 아시안게임 선수단 초청 간담회'
83,"아시안 게임 축구 금메달 이광연 선수, 고향 충남 예산 방문"
84,"아시안게임 선수단 본진 귀국 ""태극마크로 없던 힘까지"""
85,"김해시, 아시안게임 메달리스트 환영식 개최"
86,"이동환 고양특례시장, “역도 박혜정 등 아시안게임 선수단 성과 격려”"
87,"[아시안게임] 항저우 영웅들, 전남으로 집결…13일 전국체전 개막"
88,"[사설] 아시안게임 병역 특례, 이젠 손볼 때 되지 않았나"
89,[아시안게임] 항저우 AG 오늘 폐막‥한국 종합 3위
90,"아시안게임 'e스포츠 최초 金' 김관우 선수, MBC '정오의 희망곡' 출연"
91,"아시안게임, 경기만큼 치열했던 중국의 외교전 [특파원 리포트]"
92,적수가 없다…女양궁 단체전 7연패 '금자탑'
93,"'AG 득점왕' 정우영, 내년 아시안컵 빛낼 6인의 스타 선정 ""공격 다재다능"""
94,아시안게임 선수단 귀국
95,"'슈돌' 엔싸인 한준ㆍ희원, 김준호 위해 '아시안게임 런치쇼' 준비…센스만점..."
96,"[아시안게임] 축구 이강인·야구 문동주, 에이스 의기투합 ""정말 축하해"""
97,"[아시안게임] 소채원, 컴파운드 여자 개인전 은메달…인도 금메달 싹쓸이(종합..."
98,"""내년 총선은 한일전""·""야구 한일전"" 민주당, 황당 SNS에…"
99,짜이찌엔 항저우!…아시안게임 폐회식 현장 [포착]
